{
  "id": "278c7f1a-17b4-eb05-ae6b-36a6b747fd85",
  "name": "API_SERVER",
  "values": [
    {
      "enabled": true,
      "key": "URL",
      "type": "text",
      "value": "http://35.169.224.183:3111"
    },
    {
      "enabled": true,
      "key": "boatCount",
      "type": "text",
      "value": "33"
    },
    {
      "enabled": true,
      "key": "slipCount",
      "type": "text",
      "value": "22"
    },
    {
      "enabled": true,
      "key": "TEST_SLIP_ID",
      "type": "text",
      "value": "5a7755100db47b73d3bb8e45"
    },
    {
      "enabled": true,
      "key": "TEST_BOAT_ID",
      "type": "text",
      "value": "5a7755110db47b73d3bb8e46"
    }
  ],
  "timestamp": 1517770001668,
  "_postman_variable_scope": "environment",
  "_postman_exported_at": "2018-02-04T18:57:48.943Z",
  "_postman_exported_using": "Postman/5.5.2"
}